location,primary_contact_source,contact_sources,population_source
Afghanistan,prem_2021,prem_2021,https://population.un.org/wpp/
Albania,prem_2021,prem_2021|prem_2017,https://population.un.org/wpp/
Algeria,prem_2021,prem_2021|prem_2017,https://population.un.org/wpp/
Andorra,prem_2017,prem_2017,https://population.un.org/wpp/
Angola,prem_2021,prem_2021,https://population.un.org/wpp/
Antigua_and_Barbuda,prem_2017,prem_2017,https://population.un.org/wpp/
Argentina,prem_2021,prem_2021|prem_2017,https://population.un.org/wpp/
Armenia,prem_2021,prem_2021|prem_2017,https://population.un.org/wpp/
Australia,mistry_2021,mistry_2021|prem_2017,https://github.com/mobs-lab/mixing-patterns/tree/main/data/population_rescaled_age_distributions
Australia_Australian_Capital_Territory,mistry_2021,mistry_2021,https://github.com/mobs-lab/mixing-patterns/tree/main/data/population_rescaled_age_distributions
Australia_New_South_Wales,mistry_2021,mistry_2021,https://github.com/mobs-lab/mixing-patterns/tree/main/data/population_rescaled_age_distributions
Australia_Northern_Territory,mistry_2021,mistry_2021,https://github.com/mobs-lab/mixing-patterns/tree/main/data/population_rescaled_age_distributions
Australia_Queensland,mistry_2021,mistry_2021,https://github.com/mobs-lab/mixing-patterns/tree/main/data/population_rescaled_age_distributions
Australia_South_Australia,mistry_2021,mistry_2021,https://github.com/mobs-lab/mixing-patterns/tree/main/data/population_rescaled_age_distributions
Australia_Tasmania,mistry_2021,mistry_2021,https://github.com/mobs-lab/mixing-patterns/tree/main/data/population_rescaled_age_distributions
Australia_Victoria,mistry_2021,mistry_2021,https://github.com/mobs-lab/mixing-patterns/tree/main/data/population_rescaled_age_distributions
Australia_Western_Australia,mistry_2021,mistry_2021,https://github.com/mobs-lab/mixing-patterns/tree/main/data/population_rescaled_age_distributions
Austria,mistry_2021,mistry_2021|prem_2021|prem_2017,https://population.un.org/wpp/
Azerbaijan,prem_2021,prem_2021|prem_2017,https://population.un.org/wpp/
Bahamas,prem_2021,prem_2021|prem_2017,https://population.un.org/wpp/
Bahrain,prem_2021,prem_2021|prem_2017,https://population.un.org/wpp/
Bangladesh,prem_2021,prem_2021|prem_2017,https://population.un.org/wpp/
Barbados,prem_2021,prem_2021,https://population.un.org/wpp/
Belarus,prem_2021,prem_2021|prem_2017,https://population.un.org/wpp/
Belgium,prem_2021,prem_2021|prem_2017,https://population.un.org/wpp/
Belize,prem_2021,prem_2021|prem_2017,https://population.un.org/wpp/
Benin,prem_2021,prem_2021|prem_2017,https://population.un.org/wpp/
Bhutan,prem_2021,prem_2021|prem_2017,https://population.un.org/wpp/
Bolivia,prem_2021,prem_2021|prem_2017,https://population.un.org/wpp/
Bosnia_and_Herzegovina,prem_2021,prem_2021|prem_2017,https://population.un.org/wpp/
Botswana,prem_2021,prem_2021|prem_2017,https://population.un.org/wpp/
Brazil,prem_2021,prem_2021|prem_2017,https://population.un.org/wpp/
Brunei,prem_2021,prem_2021|prem_2017,https://population.un.org/wpp/
Bulgaria,mistry_2021,mistry_2021|prem_2021|prem_2017,https://population.un.org/wpp/
Burkina_Faso,prem_2021,prem_2021|prem_2017,https://population.un.org/wpp/
Burundi,prem_2021,prem_2021,https://population.un.org/wpp/
Cabo_Verde,prem_2021,prem_2021|prem_2017,https://population.un.org/wpp/
Cambodia,prem_2021,prem_2021|prem_2017,https://population.un.org/wpp/
Cameroon,prem_2021,prem_2021|prem_2017,https://population.un.org/wpp/
Canada,mistry_2021,mistry_2021|prem_2021|prem_2017,https://github.com/mobs-lab/mixing-patterns/tree/main/data/population_rescaled_age_distributions
Canada_Alberta,mistry_2021,mistry_2021,https://github.com/mobs-lab/mixing-patterns/tree/main/data/population_rescaled_age_distributions
Canada_British_Columbia,mistry_2021,mistry_2021,https://github.com/mobs-lab/mixing-patterns/tree/main/data/population_rescaled_age_distributions
Canada_Manitoba,mistry_2021,mistry_2021,https://github.com/mobs-lab/mixing-patterns/tree/main/data/population_rescaled_age_distributions
Canada_New_Brunswick,mistry_2021,mistry_2021,https://github.com/mobs-lab/mixing-patterns/tree/main/data/population_rescaled_age_distributions
Canada_Newfoundland_and_Labrador,mistry_2021,mistry_2021,https://github.com/mobs-lab/mixing-patterns/tree/main/data/population_rescaled_age_distributions
Canada_Northwest_Territories,mistry_2021,mistry_2021,https://github.com/mobs-lab/mixing-patterns/tree/main/data/population_rescaled_age_distributions
Canada_Nova_Scotia,mistry_2021,mistry_2021,https://github.com/mobs-lab/mixing-patterns/tree/main/data/population_rescaled_age_distributions
Canada_Nunavut,mistry_2021,mistry_2021,https://github.com/mobs-lab/mixing-patterns/tree/main/data/population_rescaled_age_distributions
Canada_Ontario,mistry_2021,mistry_2021,https://github.com/mobs-lab/mixing-patterns/tree/main/data/population_rescaled_age_distributions
Canada_Prince_Edward_Island,mistry_2021,mistry_2021,https://github.com/mobs-lab/mixing-patterns/tree/main/data/population_rescaled_age_distributions
Canada_Quebec,mistry_2021,mistry_2021,https://github.com/mobs-lab/mixing-patterns/tree/main/data/population_rescaled_age_distributions
Canada_Saskatchewan,mistry_2021,mistry_2021,https://github.com/mobs-lab/mixing-patterns/tree/main/data/population_rescaled_age_distributions
Canada_Yukon,mistry_2021,mistry_2021,https://github.com/mobs-lab/mixing-patterns/tree/main/data/population_rescaled_age_distributions
Central_African_Republic,prem_2021,prem_2021,https://population.un.org/wpp/
Chad,prem_2021,prem_2021,https://population.un.org/wpp/
Chile,prem_2021,prem_2021|prem_2017,https://population.un.org/wpp/
China,mistry_2021,mistry_2021|prem_2021|prem_2017,https://github.com/mobs-lab/mixing-patterns/tree/main/data/population_rescaled_age_distributions
China_Anhui,mistry_2021,mistry_2021,https://github.com/mobs-lab/mixing-patterns/tree/main/data/population_rescaled_age_distributions
China_Beijing,mistry_2021,mistry_2021,https://github.com/mobs-lab/mixing-patterns/tree/main/data/population_rescaled_age_distributions
China_Chongqing,mistry_2021,mistry_2021,https://github.com/mobs-lab/mixing-patterns/tree/main/data/population_rescaled_age_distributions
China_Fujian,mistry_2021,mistry_2021,https://github.com/mobs-lab/mixing-patterns/tree/main/data/population_rescaled_age_distributions
China_Gansu,mistry_2021,mistry_2021,https://github.com/mobs-lab/mixing-patterns/tree/main/data/population_rescaled_age_distributions
China_Guangdong,mistry_2021,mistry_2021,https://github.com/mobs-lab/mixing-patterns/tree/main/data/population_rescaled_age_distributions
China_Guangxi,mistry_2021,mistry_2021,https://github.com/mobs-lab/mixing-patterns/tree/main/data/population_rescaled_age_distributions
China_Guizhou,mistry_2021,mistry_2021,https://github.com/mobs-lab/mixing-patterns/tree/main/data/population_rescaled_age_distributions
China_Hainan,mistry_2021,mistry_2021,https://github.com/mobs-lab/mixing-patterns/tree/main/data/population_rescaled_age_distributions
China_Hebei,mistry_2021,mistry_2021,https://github.com/mobs-lab/mixing-patterns/tree/main/data/population_rescaled_age_distributions
China_Heilongjiang,mistry_2021,mistry_2021,https://github.com/mobs-lab/mixing-patterns/tree/main/data/population_rescaled_age_distributions
China_Henan,mistry_2021,mistry_2021,https://github.com/mobs-lab/mixing-patterns/tree/main/data/population_rescaled_age_distributions
China_Hubei,mistry_2021,mistry_2021,https://github.com/mobs-lab/mixing-patterns/tree/main/data/population_rescaled_age_distributions
China_Hunan,mistry_2021,mistry_2021,https://github.com/mobs-lab/mixing-patterns/tree/main/data/population_rescaled_age_distributions
China_Inner_Mongolia,mistry_2021,mistry_2021,https://github.com/mobs-lab/mixing-patterns/tree/main/data/population_rescaled_age_distributions
China_Jiangsu,mistry_2021,mistry_2021,https://github.com/mobs-lab/mixing-patterns/tree/main/data/population_rescaled_age_distributions
China_Jiangxi,mistry_2021,mistry_2021,https://github.com/mobs-lab/mixing-patterns/tree/main/data/population_rescaled_age_distributions
China_Jilin,mistry_2021,mistry_2021,https://github.com/mobs-lab/mixing-patterns/tree/main/data/population_rescaled_age_distributions
China_Liaoning,mistry_2021,mistry_2021,https://github.com/mobs-lab/mixing-patterns/tree/main/data/population_rescaled_age_distributions
China_Ningxia,mistry_2021,mistry_2021,https://github.com/mobs-lab/mixing-patterns/tree/main/data/population_rescaled_age_distributions
China_Qinghai,mistry_2021,mistry_2021,https://github.com/mobs-lab/mixing-patterns/tree/main/data/population_rescaled_age_distributions
China_Shaanxi,mistry_2021,mistry_2021,https://github.com/mobs-lab/mixing-patterns/tree/main/data/population_rescaled_age_distributions
China_Shandong,mistry_2021,mistry_2021,https://github.com/mobs-lab/mixing-patterns/tree/main/data/population_rescaled_age_distributions
China_Shanghai,mistry_2021,mistry_2021,https://github.com/mobs-lab/mixing-patterns/tree/main/data/population_rescaled_age_distributions
China_Shanxi,mistry_2021,mistry_2021,https://github.com/mobs-lab/mixing-patterns/tree/main/data/population_rescaled_age_distributions
China_Sichuan,mistry_2021,mistry_2021,https://github.com/mobs-lab/mixing-patterns/tree/main/data/population_rescaled_age_distributions
China_Tianjin,mistry_2021,mistry_2021,https://github.com/mobs-lab/mixing-patterns/tree/main/data/population_rescaled_age_distributions
China_Tibet,mistry_2021,mistry_2021,https://github.com/mobs-lab/mixing-patterns/tree/main/data/population_rescaled_age_distributions
China_Xinjiang,mistry_2021,mistry_2021,https://github.com/mobs-lab/mixing-patterns/tree/main/data/population_rescaled_age_distributions
China_Yunnan,mistry_2021,mistry_2021,https://github.com/mobs-lab/mixing-patterns/tree/main/data/population_rescaled_age_distributions
China_Zhejiang,mistry_2021,mistry_2021,https://github.com/mobs-lab/mixing-patterns/tree/main/data/population_rescaled_age_distributions
Colombia,prem_2021,prem_2021|prem_2017,https://population.un.org/wpp/
Comoros,prem_2021,prem_2021,https://population.un.org/wpp/
Congo,prem_2021,prem_2021|prem_2017,https://population.un.org/wpp/
Costa Rica,prem_2021,prem_2021|prem_2017,https://population.un.org/wpp/
Cote_dIvoire,prem_2021,prem_2021,https://population.un.org/wpp/
Croatia,prem_2021,prem_2021|prem_2017,https://population.un.org/wpp/
Cuba,prem_2021,prem_2021,https://population.un.org/wpp/
Cyprus,mistry_2021,mistry_2021|prem_2021|prem_2017,https://population.un.org/wpp/
Czech_Republic,mistry_2021,mistry_2021|prem_2021|prem_2017,https://population.un.org/wpp/
Democratic_Republic_of_the_Congo,prem_2021,prem_2021,https://population.un.org/wpp/
Denmark,mistry_2021,mistry_2021|prem_2021|prem_2017,https://population.un.org/wpp/
Djibouti,prem_2021,prem_2021,https://population.un.org/wpp/
Dominican_Republic,prem_2021,prem_2021|prem_2017,https://population.un.org/wpp/
Ecuador,prem_2021,prem_2021|prem_2017,https://population.un.org/wpp/
Egypt,prem_2021,prem_2021|prem_2017,https://population.un.org/wpp/
El_Salvador,prem_2021,prem_2021|prem_2017,https://population.un.org/wpp/
Equatorial_Guinea,prem_2021,prem_2021,https://population.un.org/wpp/
Eritrea,prem_2021,prem_2021,https://population.un.org/wpp/
Estonia,mistry_2021,mistry_2021|prem_2021|prem_2017,https://population.un.org/wpp/
Eswatini,prem_2021,prem_2021,https://population.un.org/wpp/
Ethiopia,prem_2021,prem_2021|prem_2017,https://population.un.org/wpp/
Fiji,prem_2021,prem_2021|prem_2017,https://population.un.org/wpp/
Finland,mistry_2021,mistry_2021|prem_2021|prem_2017,https://population.un.org/wpp/
France,mistry_2021,mistry_2021|prem_2021|prem_2017,https://population.un.org/wpp/
Gabon,prem_2021,prem_2021,https://population.un.org/wpp/
Gambia,prem_2021,prem_2021,https://population.un.org/wpp/
Georgia,prem_2021,prem_2021|prem_2017,https://population.un.org/wpp/
Germany,mistry_2021,mistry_2021|prem_2021|prem_2017,https://population.un.org/wpp/
Ghana,prem_2021,prem_2021|prem_2017,https://population.un.org/wpp/
Greece,mistry_2021,mistry_2021|prem_2021|prem_2017,https://population.un.org/wpp/
Guatemala,prem_2021,prem_2021|prem_2017,https://population.un.org/wpp/
Guinea,prem_2021,prem_2021|prem_2017,https://population.un.org/wpp/
Guinea-Bissau,prem_2021,prem_2021,https://population.un.org/wpp/
Guyana,prem_2021,prem_2021|prem_2017,https://population.un.org/wpp/
Haiti,prem_2017,prem_2017,https://population.un.org/wpp/
Honduras,prem_2021,prem_2021|prem_2017,https://population.un.org/wpp/
Hong_Kong,prem_2021,prem_2021|prem_2017,https://population.un.org/wpp/
Hungary,mistry_2021,mistry_2021|prem_2021|prem_2017,https://population.un.org/wpp/
Iceland,prem_2021,prem_2021|prem_2017,https://population.un.org/wpp/
India,mistry_2021,mistry_2021|prem_2021|prem_2017,https://github.com/mobs-lab/mixing-patterns/tree/main/data/population_rescaled_age_distributions
India_Andaman_and_Nicobar_Islands,mistry_2021,mistry_2021,https://github.com/mobs-lab/mixing-patterns/tree/main/data/population_rescaled_age_distributions
India_Andhra_Pradesh,mistry_2021,mistry_2021,https://github.com/mobs-lab/mixing-patterns/tree/main/data/population_rescaled_age_distributions
India_Arunachal_Pradesh,mistry_2021,mistry_2021,https://github.com/mobs-lab/mixing-patterns/tree/main/data/population_rescaled_age_distributions
India_Assam,mistry_2021,mistry_2021,https://github.com/mobs-lab/mixing-patterns/tree/main/data/population_rescaled_age_distributions
India_Bihar,mistry_2021,mistry_2021,https://github.com/mobs-lab/mixing-patterns/tree/main/data/population_rescaled_age_distributions
India_Chhattisgarh,mistry_2021,mistry_2021,https://github.com/mobs-lab/mixing-patterns/tree/main/data/population_rescaled_age_distributions
India_Daman_and_Diu,mistry_2021,mistry_2021,https://github.com/mobs-lab/mixing-patterns/tree/main/data/population_rescaled_age_distributions
India_Goa,mistry_2021,mistry_2021,https://github.com/mobs-lab/mixing-patterns/tree/main/data/population_rescaled_age_distributions
India_Gujarat,mistry_2021,mistry_2021,https://github.com/mobs-lab/mixing-patterns/tree/main/data/population_rescaled_age_distributions
India_Haryana,mistry_2021,mistry_2021,https://github.com/mobs-lab/mixing-patterns/tree/main/data/population_rescaled_age_distributions
India_Himachal_Pradesh,mistry_2021,mistry_2021,https://github.com/mobs-lab/mixing-patterns/tree/main/data/population_rescaled_age_distributions
India_Jammu_and_Kashmir,mistry_2021,mistry_2021,https://github.com/mobs-lab/mixing-patterns/tree/main/data/population_rescaled_age_distributions
India_Jharkhand,mistry_2021,mistry_2021,https://github.com/mobs-lab/mixing-patterns/tree/main/data/population_rescaled_age_distributions
India_Karnataka,mistry_2021,mistry_2021,https://github.com/mobs-lab/mixing-patterns/tree/main/data/population_rescaled_age_distributions
India_Kerala,mistry_2021,mistry_2021,https://github.com/mobs-lab/mixing-patterns/tree/main/data/population_rescaled_age_distributions
India_Madhya_Pradesh,mistry_2021,mistry_2021,https://github.com/mobs-lab/mixing-patterns/tree/main/data/population_rescaled_age_distributions
India_Maharashtra,mistry_2021,mistry_2021,https://github.com/mobs-lab/mixing-patterns/tree/main/data/population_rescaled_age_distributions
India_Manipur,mistry_2021,mistry_2021,https://github.com/mobs-lab/mixing-patterns/tree/main/data/population_rescaled_age_distributions
India_Meghalaya,mistry_2021,mistry_2021,https://github.com/mobs-lab/mixing-patterns/tree/main/data/population_rescaled_age_distributions
India_Mizoram,mistry_2021,mistry_2021,https://github.com/mobs-lab/mixing-patterns/tree/main/data/population_rescaled_age_distributions
India_Nagaland,mistry_2021,mistry_2021,https://github.com/mobs-lab/mixing-patterns/tree/main/data/population_rescaled_age_distributions
India_Nct_of_Delhi,mistry_2021,mistry_2021,https://github.com/mobs-lab/mixing-patterns/tree/main/data/population_rescaled_age_distributions
India_Odisha,mistry_2021,mistry_2021,https://github.com/mobs-lab/mixing-patterns/tree/main/data/population_rescaled_age_distributions
India_Puducherry,mistry_2021,mistry_2021,https://github.com/mobs-lab/mixing-patterns/tree/main/data/population_rescaled_age_distributions
India_Punjab,mistry_2021,mistry_2021,https://github.com/mobs-lab/mixing-patterns/tree/main/data/population_rescaled_age_distributions
India_Rajasthan,mistry_2021,mistry_2021,https://github.com/mobs-lab/mixing-patterns/tree/main/data/population_rescaled_age_distributions
India_Sikkim,mistry_2021,mistry_2021,https://github.com/mobs-lab/mixing-patterns/tree/main/data/population_rescaled_age_distributions
India_Tamil_Nadu,mistry_2021,mistry_2021,https://github.com/mobs-lab/mixing-patterns/tree/main/data/population_rescaled_age_distributions
India_Tripura,mistry_2021,mistry_2021,https://github.com/mobs-lab/mixing-patterns/tree/main/data/population_rescaled_age_distributions
India_Uttar_Pradesh,mistry_2021,mistry_2021,https://github.com/mobs-lab/mixing-patterns/tree/main/data/population_rescaled_age_distributions
India_Uttarakhand,mistry_2021,mistry_2021,https://github.com/mobs-lab/mixing-patterns/tree/main/data/population_rescaled_age_distributions
India_West_Bengal,mistry_2021,mistry_2021,https://github.com/mobs-lab/mixing-patterns/tree/main/data/population_rescaled_age_distributions
Indonesia,prem_2021,prem_2021|prem_2017,https://population.un.org/wpp/
Iran,prem_2021,prem_2021|prem_2017,https://population.un.org/wpp/
Iraq,prem_2021,prem_2021|prem_2017,https://population.un.org/wpp/
Ireland,mistry_2021,mistry_2021|prem_2021|prem_2017,https://population.un.org/wpp/
Israel,mistry_2021,mistry_2021|prem_2021|prem_2017,https://population.un.org/wpp/
Italy,mistry_2021,mistry_2021|prem_2021|prem_2017,https://population.un.org/wpp/
Jamaica,prem_2021,prem_2021|prem_2017,https://population.un.org/wpp/
Japan,mistry_2021,mistry_2021|prem_2017,https://github.com/mobs-lab/mixing-patterns/tree/main/data/population_rescaled_age_distributions
Japan_Aichi-ken,mistry_2021,mistry_2021,https://github.com/mobs-lab/mixing-patterns/tree/main/data/population_rescaled_age_distributions
Japan_Akita-ken,mistry_2021,mistry_2021,https://github.com/mobs-lab/mixing-patterns/tree/main/data/population_rescaled_age_distributions
Japan_Aomori-ken,mistry_2021,mistry_2021,https://github.com/mobs-lab/mixing-patterns/tree/main/data/population_rescaled_age_distributions
Japan_Chiba-ken,mistry_2021,mistry_2021,https://github.com/mobs-lab/mixing-patterns/tree/main/data/population_rescaled_age_distributions
Japan_Ehime-ken,mistry_2021,mistry_2021,https://github.com/mobs-lab/mixing-patterns/tree/main/data/population_rescaled_age_distributions
Japan_Fukui-ken,mistry_2021,mistry_2021,https://github.com/mobs-lab/mixing-patterns/tree/main/data/population_rescaled_age_distributions
Japan_Fukuoka-ken,mistry_2021,mistry_2021,https://github.com/mobs-lab/mixing-patterns/tree/main/data/population_rescaled_age_distributions
Japan_Fukushima-ken,mistry_2021,mistry_2021,https://github.com/mobs-lab/mixing-patterns/tree/main/data/population_rescaled_age_distributions
Japan_Gifu-ken,mistry_2021,mistry_2021,https://github.com/mobs-lab/mixing-patterns/tree/main/data/population_rescaled_age_distributions
Japan_Gumma-ken,mistry_2021,mistry_2021,https://github.com/mobs-lab/mixing-patterns/tree/main/data/population_rescaled_age_distributions
Japan_Hiroshima-ken,mistry_2021,mistry_2021,https://github.com/mobs-lab/mixing-patterns/tree/main/data/population_rescaled_age_distributions
Japan_Hokkaido,mistry_2021,mistry_2021,https://github.com/mobs-lab/mixing-patterns/tree/main/data/population_rescaled_age_distributions
Japan_Hyogo-ken,mistry_2021,mistry_2021,https://github.com/mobs-lab/mixing-patterns/tree/main/data/population_rescaled_age_distributions
Japan_Ibaraki-ken,mistry_2021,mistry_2021,https://github.com/mobs-lab/mixing-patterns/tree/main/data/population_rescaled_age_distributions
Japan_Ishikawa-ken,mistry_2021,mistry_2021,https://github.com/mobs-lab/mixing-patterns/tree/main/data/population_rescaled_age_distributions
Japan_Iwate-ken,mistry_2021,mistry_2021,https://github.com/mobs-lab/mixing-patterns/tree/main/data/population_rescaled_age_distributions
Japan_Kagawa-ken,mistry_2021,mistry_2021,https://github.com/mobs-lab/mixing-patterns/tree/main/data/population_rescaled_age_distributions
Japan_Kagoshima-ken,mistry_2021,mistry_2021,https://github.com/mobs-lab/mixing-patterns/tree/main/data/population_rescaled_age_distributions
Japan_Kanagawa-ken,mistry_2021,mistry_2021,https://github.com/mobs-lab/mixing-patterns/tree/main/data/population_rescaled_age_distributions
Japan_Kochi-ken,mistry_2021,mistry_2021,https://github.com/mobs-lab/mixing-patterns/tree/main/data/population_rescaled_age_distributions
Japan_Kumamoto-ken,mistry_2021,mistry_2021,https://github.com/mobs-lab/mixing-patterns/tree/main/data/population_rescaled_age_distributions
Japan_Kyoto-fu,mistry_2021,mistry_2021,https://github.com/mobs-lab/mixing-patterns/tree/main/data/population_rescaled_age_distributions
Japan_Mie-ken,mistry_2021,mistry_2021,https://github.com/mobs-lab/mixing-patterns/tree/main/data/population_rescaled_age_distributions
Japan_Miyagi-ken,mistry_2021,mistry_2021,https://github.com/mobs-lab/mixing-patterns/tree/main/data/population_rescaled_age_distributions
Japan_Miyazaki-ken,mistry_2021,mistry_2021,https://github.com/mobs-lab/mixing-patterns/tree/main/data/population_rescaled_age_distributions
Japan_Nagano-ken,mistry_2021,mistry_2021,https://github.com/mobs-lab/mixing-patterns/tree/main/data/population_rescaled_age_distributions
Japan_Nagasaki-ken,mistry_2021,mistry_2021,https://github.com/mobs-lab/mixing-patterns/tree/main/data/population_rescaled_age_distributions
Japan_Nara-ken,mistry_2021,mistry_2021,https://github.com/mobs-lab/mixing-patterns/tree/main/data/population_rescaled_age_distributions
Japan_Niigata-ken,mistry_2021,mistry_2021,https://github.com/mobs-lab/mixing-patterns/tree/main/data/population_rescaled_age_distributions
Japan_Oita-ken,mistry_2021,mistry_2021,https://github.com/mobs-lab/mixing-patterns/tree/main/data/population_rescaled_age_distributions
Japan_Okayama-ken,mistry_2021,mistry_2021,https://github.com/mobs-lab/mixing-patterns/tree/main/data/population_rescaled_age_distributions
Japan_Okinawa-ken,mistry_2021,mistry_2021,https://github.com/mobs-lab/mixing-patterns/tree/main/data/population_rescaled_age_distributions
Japan_Osaka-fu,mistry_2021,mistry_2021,https://github.com/mobs-lab/mixing-patterns/tree/main/data/population_rescaled_age_distributions
Japan_Saga-ken,mistry_2021,mistry_2021,https://github.com/mobs-lab/mixing-patterns/tree/main/data/population_rescaled_age_distributions
Japan_Saitama-ken,mistry_2021,mistry_2021,https://github.com/mobs-lab/mixing-patterns/tree/main/data/population_rescaled_age_distributions
Japan_Shiga-ken,mistry_2021,mistry_2021,https://github.com/mobs-lab/mixing-patterns/tree/main/data/population_rescaled_age_distributions
Japan_Shimane-ken,mistry_2021,mistry_2021,https://github.com/mobs-lab/mixing-patterns/tree/main/data/population_rescaled_age_distributions
Japan_Shizuoka-ken,mistry_2021,mistry_2021,https://github.com/mobs-lab/mixing-patterns/tree/main/data/population_rescaled_age_distributions
Japan_Tochigi-ken,mistry_2021,mistry_2021,https://github.com/mobs-lab/mixing-patterns/tree/main/data/population_rescaled_age_distributions
Japan_Tokushima-ken,mistry_2021,mistry_2021,https://github.com/mobs-lab/mixing-patterns/tree/main/data/population_rescaled_age_distributions
Japan_Tokyo-to,mistry_2021,mistry_2021,https://github.com/mobs-lab/mixing-patterns/tree/main/data/population_rescaled_age_distributions
Japan_Tottori-ken,mistry_2021,mistry_2021,https://github.com/mobs-lab/mixing-patterns/tree/main/data/population_rescaled_age_distributions
Japan_Toyama-ken,mistry_2021,mistry_2021,https://github.com/mobs-lab/mixing-patterns/tree/main/data/population_rescaled_age_distributions
Japan_Wakayama-ken,mistry_2021,mistry_2021,https://github.com/mobs-lab/mixing-patterns/tree/main/data/population_rescaled_age_distributions
Japan_Yamagata-ken,mistry_2021,mistry_2021,https://github.com/mobs-lab/mixing-patterns/tree/main/data/population_rescaled_age_distributions
Japan_Yamaguchi-ken,mistry_2021,mistry_2021,https://github.com/mobs-lab/mixing-patterns/tree/main/data/population_rescaled_age_distributions
Japan_Yamanashi-ken,mistry_2021,mistry_2021,https://github.com/mobs-lab/mixing-patterns/tree/main/data/population_rescaled_age_distributions
Jordan,prem_2021,prem_2021|prem_2017,https://population.un.org/wpp/
Kazakhstan,prem_2021,prem_2021|prem_2017,https://population.un.org/wpp/
Kenya,prem_2021,prem_2021|prem_2017,https://population.un.org/wpp/
Kiribati,prem_2017,prem_2017,https://population.un.org/wpp/
Kuwait,prem_2021,prem_2021|prem_2017,https://population.un.org/wpp/
Kyrgyzstan,prem_2021,prem_2021|prem_2017,https://population.un.org/wpp/
Laos,prem_2021,prem_2021|prem_2017,https://population.un.org/wpp/
Latvia,mistry_2021,mistry_2021|prem_2021|prem_2017,https://population.un.org/wpp/
Lebanon,prem_2017,prem_2017,https://population.un.org/wpp/
Lesotho,prem_2021,prem_2021|prem_2017,https://population.un.org/wpp/
Liberia,prem_2021,prem_2021|prem_2017,https://population.un.org/wpp/
Libya,prem_2021,prem_2021,https://population.un.org/wpp/
Lithuania,mistry_2021,mistry_2021|prem_2021|prem_2017,https://population.un.org/wpp/
Luxembourg,mistry_2021,mistry_2021|prem_2021|prem_2017,https://population.un.org/wpp/
Macao,prem_2021,prem_2021,https://population.un.org/wpp/
Madagascar,prem_2021,prem_2021,https://population.un.org/wpp/
Malawi,prem_2021,prem_2021,https://population.un.org/wpp/
Malaysia,prem_2021,prem_2021|prem_2017,https://population.un.org/wpp/
Maldives,prem_2021,prem_2021|prem_2017,https://population.un.org/wpp/
Mali,prem_2021,prem_2021,https://population.un.org/wpp/
Malta,prem_2021,prem_2021|prem_2017,https://population.un.org/wpp/
Mauritania,prem_2021,prem_2021|prem_2017,https://population.un.org/wpp/
Mauritius,prem_2021,prem_2021|prem_2017,https://population.un.org/wpp/
Mexico,prem_2021,prem_2021|prem_2017,https://population.un.org/wpp/
Moldova,prem_2021,prem_2021,https://population.un.org/wpp/
Monaco,prem_2017,prem_2017,https://population.un.org/wpp/
Mongolia,prem_2021,prem_2021|prem_2017,https://population.un.org/wpp/
Montenegro,prem_2021,prem_2021|prem_2017,https://population.un.org/wpp/
Morocco,prem_2021,prem_2021|prem_2017,https://population.un.org/wpp/
Mozambique,prem_2021,prem_2021|prem_2017,https://population.un.org/wpp/
Myanmar,prem_2021,prem_2021,https://population.un.org/wpp/
Namibia,prem_2021,prem_2021|prem_2017,https://population.un.org/wpp/
Nepal,prem_2021,prem_2021|prem_2017,https://population.un.org/wpp/
Netherlands,mistry_2021,mistry_2021|prem_2021|prem_2017,https://population.un.org/wpp/
New_Zealand,prem_2021,prem_2021|prem_2017,https://population.un.org/wpp/
Nicaragua,prem_2021,prem_2021|prem_2017,https://population.un.org/wpp/
Niger,prem_2021,prem_2021|prem_2017,https://population.un.org/wpp/
Nigeria,prem_2021,prem_2021|prem_2017,https://population.un.org/wpp/
North_Korea,prem_2021,prem_2021,https://population.un.org/wpp/
North_Macedonia,prem_2021,prem_2021|prem_2017,https://population.un.org/wpp/
Norway,mistry_2021,mistry_2021|prem_2021,https://population.un.org/wpp/
Oman,prem_2021,prem_2021|prem_2017,https://population.un.org/wpp/
Pakistan,prem_2021,prem_2021|prem_2017,https://population.un.org/wpp/
Palestine,prem_2021,prem_2021,https://population.un.org/wpp/
Panama,prem_2021,prem_2021|prem_2017,https://population.un.org/wpp/
Papua_New_Guinea,prem_2021,prem_2021,https://population.un.org/wpp/
Paraguay,prem_2021,prem_2021|prem_2017,https://population.un.org/wpp/
Peru,prem_2021,prem_2021|prem_2017,https://population.un.org/wpp/
Philippines,prem_2021,prem_2021|prem_2017,https://population.un.org/wpp/
Poland,prem_2021,prem_2021|prem_2017,https://population.un.org/wpp/
Portugal,mistry_2021,mistry_2021|prem_2021|prem_2017,https://population.un.org/wpp/
Puerto_Rico,mistry_2021,mistry_2021|prem_2021,https://population.un.org/wpp/
Qatar,prem_2021,prem_2021|prem_2017,https://population.un.org/wpp/
Romania,mistry_2021,mistry_2021|prem_2021|prem_2017,https://population.un.org/wpp/
Russia,mistry_2021,mistry_2021|prem_2021|prem_2017,https://github.com/mobs-lab/mixing-patterns/tree/main/data/population_rescaled_age_distributions
Russia_Adygea,mistry_2021,mistry_2021,https://github.com/mobs-lab/mixing-patterns/tree/main/data/population_rescaled_age_distributions
Russia_Altai_Krai,mistry_2021,mistry_2021,https://github.com/mobs-lab/mixing-patterns/tree/main/data/population_rescaled_age_distributions
Russia_Altai_Republic,mistry_2021,mistry_2021,https://github.com/mobs-lab/mixing-patterns/tree/main/data/population_rescaled_age_distributions
Russia_Amur_Oblast,mistry_2021,mistry_2021,https://github.com/mobs-lab/mixing-patterns/tree/main/data/population_rescaled_age_distributions
Russia_Arkhangelsk_Oblast,mistry_2021,mistry_2021,https://github.com/mobs-lab/mixing-patterns/tree/main/data/population_rescaled_age_distributions
Russia_Astrakhan_Oblast,mistry_2021,mistry_2021,https://github.com/mobs-lab/mixing-patterns/tree/main/data/population_rescaled_age_distributions
Russia_Bashkortostan,mistry_2021,mistry_2021,https://github.com/mobs-lab/mixing-patterns/tree/main/data/population_rescaled_age_distributions
Russia_Belgorod_Oblast,mistry_2021,mistry_2021,https://github.com/mobs-lab/mixing-patterns/tree/main/data/population_rescaled_age_distributions
Russia_Bryansk_Oblast,mistry_2021,mistry_2021,https://github.com/mobs-lab/mixing-patterns/tree/main/data/population_rescaled_age_distributions
Russia_Buryatia,mistry_2021,mistry_2021,https://github.com/mobs-lab/mixing-patterns/tree/main/data/population_rescaled_age_distributions
Russia_Chechnya,mistry_2021,mistry_2021,https://github.com/mobs-lab/mixing-patterns/tree/main/data/population_rescaled_age_distributions
Russia_Chelyabinsk_Oblast,mistry_2021,mistry_2021,https://github.com/mobs-lab/mixing-patterns/tree/main/data/population_rescaled_age_distributions
Russia_Chukotka,mistry_2021,mistry_2021,https://github.com/mobs-lab/mixing-patterns/tree/main/data/population_rescaled_age_distributions
Russia_Chuvashia,mistry_2021,mistry_2021,https://github.com/mobs-lab/mixing-patterns/tree/main/data/population_rescaled_age_distributions
Russia_Dagestan,mistry_2021,mistry_2021,https://github.com/mobs-lab/mixing-patterns/tree/main/data/population_rescaled_age_distributions
Russia_Ingushetia,mistry_2021,mistry_2021,https://github.com/mobs-lab/mixing-patterns/tree/main/data/population_rescaled_age_distributions
Russia_Irkutsk_Oblast,mistry_2021,mistry_2021,https://github.com/mobs-lab/mixing-patterns/tree/main/data/population_rescaled_age_distributions
Russia_Ivanovo_Oblast,mistry_2021,mistry_2021,https://github.com/mobs-lab/mixing-patterns/tree/main/data/population_rescaled_age_distributions
Russia_Jewish_Autonomous_Oblast,mistry_2021,mistry_2021,https://github.com/mobs-lab/mixing-patterns/tree/main/data/population_rescaled_age_distributions
Russia_Kabardino_Balkaria,mistry_2021,mistry_2021,https://github.com/mobs-lab/mixing-patterns/tree/main/data/population_rescaled_age_distributions
Russia_Kaliningrad_Oblast,mistry_2021,mistry_2021,https://github.com/mobs-lab/mixing-patterns/tree/main/data/population_rescaled_age_distributions
Russia_Kalmykia,mistry_2021,mistry_2021,https://github.com/mobs-lab/mixing-patterns/tree/main/data/population_rescaled_age_distributions
Russia_Kaluga_Oblast,mistry_2021,mistry_2021,https://github.com/mobs-lab/mixing-patterns/tree/main/data/population_rescaled_age_distributions
Russia_Kamchatka_Krai,mistry_2021,mistry_2021,https://github.com/mobs-lab/mixing-patterns/tree/main/data/population_rescaled_age_distributions
Russia_Karachay_Cherkessia,mistry_2021,mistry_2021,https://github.com/mobs-lab/mixing-patterns/tree/main/data/population_rescaled_age_distributions
Russia_Karelia,mistry_2021,mistry_2021,https://github.com/mobs-lab/mixing-patterns/tree/main/data/population_rescaled_age_distributions
Russia_Kemerovo_Oblast,mistry_2021,mistry_2021,https://github.com/mobs-lab/mixing-patterns/tree/main/data/population_rescaled_age_distributions
Russia_Khabarovsk_Krai,mistry_2021,mistry_2021,https://github.com/mobs-lab/mixing-patterns/tree/main/data/population_rescaled_age_distributions
Russia_Khakassia,mistry_2021,mistry_2021,https://github.com/mobs-lab/mixing-patterns/tree/main/data/population_rescaled_age_distributions
Russia_Khanty_Mansi_Autonomous_Okrug,mistry_2021,mistry_2021,https://github.com/mobs-lab/mixing-patterns/tree/main/data/population_rescaled_age_distributions
Russia_Kirov_Oblast,mistry_2021,mistry_2021,https://github.com/mobs-lab/mixing-patterns/tree/main/data/population_rescaled_age_distributions
Russia_Komi_Republic,mistry_2021,mistry_2021,https://github.com/mobs-lab/mixing-patterns/tree/main/data/population_rescaled_age_distributions
Russia_Kostroma_Oblast,mistry_2021,mistry_2021,https://github.com/mobs-lab/mixing-patterns/tree/main/data/population_rescaled_age_distributions
Russia_Krasnodar_Krai,mistry_2021,mistry_2021,https://github.com/mobs-lab/mixing-patterns/tree/main/data/population_rescaled_age_distributions
Russia_Krasnoyarsk_Krai,mistry_2021,mistry_2021,https://github.com/mobs-lab/mixing-patterns/tree/main/data/population_rescaled_age_distributions
Russia_Kurgan_Oblast,mistry_2021,mistry_2021,https://github.com/mobs-lab/mixing-patterns/tree/main/data/population_rescaled_age_distributions
Russia_Kursk_Oblast,mistry_2021,mistry_2021,https://github.com/mobs-lab/mixing-patterns/tree/main/data/population_rescaled_age_distributions
Russia_Leningrad_Oblast,mistry_2021,mistry_2021,https://github.com/mobs-lab/mixing-patterns/tree/main/data/population_rescaled_age_distributions
Russia_Lipetsk_Oblast,mistry_2021,mistry_2021,https://github.com/mobs-lab/mixing-patterns/tree/main/data/population_rescaled_age_distributions
Russia_Magadan_Oblast,mistry_2021,mistry_2021,https://github.com/mobs-lab/mixing-patterns/tree/main/data/population_rescaled_age_distributions
Russia_Mari_El,mistry_2021,mistry_2021,https://github.com/mobs-lab/mixing-patterns/tree/main/data/population_rescaled_age_distributions
Russia_Mordovia,mistry_2021,mistry_2021,https://github.com/mobs-lab/mixing-patterns/tree/main/data/population_rescaled_age_distributions
Russia_Moscow,mistry_2021,mistry_2021,https://github.com/mobs-lab/mixing-patterns/tree/main/data/population_rescaled_age_distributions
Russia_Moscow_Oblast,mistry_2021,mistry_2021,https://github.com/mobs-lab/mixing-patterns/tree/main/data/population_rescaled_age_distributions
Russia_Murmansk_Oblast,mistry_2021,mistry_2021,https://github.com/mobs-lab/mixing-patterns/tree/main/data/population_rescaled_age_distributions
Russia_Nenets_Autonomous_Okrug,mistry_2021,mistry_2021,https://github.com/mobs-lab/mixing-patterns/tree/main/data/population_rescaled_age_distributions
Russia_Nizhny_Novgorod_Oblast,mistry_2021,mistry_2021,https://github.com/mobs-lab/mixing-patterns/tree/main/data/population_rescaled_age_distributions
Russia_North_Ossetia_Alania,mistry_2021,mistry_2021,https://github.com/mobs-lab/mixing-patterns/tree/main/data/population_rescaled_age_distributions
Russia_Novgorod_Oblast,mistry_2021,mistry_2021,https://github.com/mobs-lab/mixing-patterns/tree/main/data/population_rescaled_age_distributions
Russia_Novosibirsk_Oblast,mistry_2021,mistry_2021,https://github.com/mobs-lab/mixing-patterns/tree/main/data/population_rescaled_age_distributions
Russia_Omsk_Oblast,mistry_2021,mistry_2021,https://github.com/mobs-lab/mixing-patterns/tree/main/data/population_rescaled_age_distributions
Russia_Orenburg_Oblast,mistry_2021,mistry_2021,https://github.com/mobs-lab/mixing-patterns/tree/main/data/population_rescaled_age_distributions
Russia_Oryol_Oblast,mistry_2021,mistry_2021,https://github.com/mobs-lab/mixing-patterns/tree/main/data/population_rescaled_age_distributions
Russia_Penza_Oblast,mistry_2021,mistry_2021,https://github.com/mobs-lab/mixing-patterns/tree/main/data/population_rescaled_age_distributions
Russia_Perm_Krai,mistry_2021,mistry_2021,https://github.com/mobs-lab/mixing-patterns/tree/main/data/population_rescaled_age_distributions
Russia_Primorsky_Krai,mistry_2021,mistry_2021,https://github.com/mobs-lab/mixing-patterns/tree/main/data/population_rescaled_age_distributions
Russia_Pskov_Oblast,mistry_2021,mistry_2021,https://github.com/mobs-lab/mixing-patterns/tree/main/data/population_rescaled_age_distributions
Russia_Rostov_Oblast,mistry_2021,mistry_2021,https://github.com/mobs-lab/mixing-patterns/tree/main/data/population_rescaled_age_distributions
Russia_Ryazan_Oblast,mistry_2021,mistry_2021,https://github.com/mobs-lab/mixing-patterns/tree/main/data/population_rescaled_age_distributions
Russia_Sakha,mistry_2021,mistry_2021,https://github.com/mobs-lab/mixing-patterns/tree/main/data/population_rescaled_age_distributions
Russia_Sakhalin_Oblast,mistry_2021,mistry_2021,https://github.com/mobs-lab/mixing-patterns/tree/main/data/population_rescaled_age_distributions
Russia_Samara_Oblast,mistry_2021,mistry_2021,https://github.com/mobs-lab/mixing-patterns/tree/main/data/population_rescaled_age_distributions
Russia_Saratov_Oblast,mistry_2021,mistry_2021,https://github.com/mobs-lab/mixing-patterns/tree/main/data/population_rescaled_age_distributions
Russia_Smolensk_Oblast,mistry_2021,mistry_2021,https://github.com/mobs-lab/mixing-patterns/tree/main/data/population_rescaled_age_distributions
Russia_St._Petersburg,mistry_2021,mistry_2021,https://github.com/mobs-lab/mixing-patterns/tree/main/data/population_rescaled_age_distributions
Russia_Stavropol_Krai,mistry_2021,mistry_2021,https://github.com/mobs-lab/mixing-patterns/tree/main/data/population_rescaled_age_distributions
Russia_Sverdlovsk_Oblast,mistry_2021,mistry_2021,https://github.com/mobs-lab/mixing-patterns/tree/main/data/population_rescaled_age_distributions
Russia_Tambov_Oblast,mistry_2021,mistry_2021,https://github.com/mobs-lab/mixing-patterns/tree/main/data/population_rescaled_age_distributions
Russia_Tatarstan,mistry_2021,mistry_2021,https://github.com/mobs-lab/mixing-patterns/tree/main/data/population_rescaled_age_distributions
Russia_Tomsk_Oblast,mistry_2021,mistry_2021,https://github.com/mobs-lab/mixing-patterns/tree/main/data/population_rescaled_age_distributions
Russia_Tula_Oblast,mistry_2021,mistry_2021,https://github.com/mobs-lab/mixing-patterns/tree/main/data/population_rescaled_age_distributions
Russia_Tuva,mistry_2021,mistry_2021,https://github.com/mobs-lab/mixing-patterns/tree/main/data/population_rescaled_age_distributions
Russia_Tver_Oblast,mistry_2021,mistry_2021,https://github.com/mobs-lab/mixing-patterns/tree/main/data/population_rescaled_age_distributions
Russia_Tyumen_Oblast,mistry_2021,mistry_2021,https://github.com/mobs-lab/mixing-patterns/tree/main/data/population_rescaled_age_distributions
Russia_Udmurtia,mistry_2021,mistry_2021,https://github.com/mobs-lab/mixing-patterns/tree/main/data/population_rescaled_age_distributions
Russia_Ulyanovsk_Oblast,mistry_2021,mistry_2021,https://github.com/mobs-lab/mixing-patterns/tree/main/data/population_rescaled_age_distributions
Russia_Vladimir_Oblast,mistry_2021,mistry_2021,https://github.com/mobs-lab/mixing-patterns/tree/main/data/population_rescaled_age_distributions
Russia_Volgograd_Oblast,mistry_2021,mistry_2021,https://github.com/mobs-lab/mixing-patterns/tree/main/data/population_rescaled_age_distributions
Russia_Vologda_Oblast,mistry_2021,mistry_2021,https://github.com/mobs-lab/mixing-patterns/tree/main/data/population_rescaled_age_distributions
Russia_Voronezh_Oblast,mistry_2021,mistry_2021,https://github.com/mobs-lab/mixing-patterns/tree/main/data/population_rescaled_age_distributions
Russia_Yamalo_Nenets_Autonomous_Okrug,mistry_2021,mistry_2021,https://github.com/mobs-lab/mixing-patterns/tree/main/data/population_rescaled_age_distributions
Russia_Yaroslavl_Oblast,mistry_2021,mistry_2021,https://github.com/mobs-lab/mixing-patterns/tree/main/data/population_rescaled_age_distributions
Russia_Zabaykalsky_Krai,mistry_2021,mistry_2021,https://github.com/mobs-lab/mixing-patterns/tree/main/data/population_rescaled_age_distributions
Rwanda,prem_2021,prem_2021|prem_2017,https://population.un.org/wpp/
Saint_Lucia,prem_2021,prem_2021|prem_2017,https://population.un.org/wpp/
Saint_Vincent_and_the_Grenadines,prem_2021,prem_2021,https://population.un.org/wpp/
Samoa,prem_2021,prem_2021|prem_2017,https://population.un.org/wpp/
Sao_Tome_and_Principe,prem_2021,prem_2021|prem_2017,https://population.un.org/wpp/
Saudi_Arabia,prem_2021,prem_2021|prem_2017,https://population.un.org/wpp/
Senegal,prem_2021,prem_2021|prem_2017,https://population.un.org/wpp/
Serbia,prem_2021,prem_2021|prem_2017,https://population.un.org/wpp/
Seychelles,prem_2017,prem_2017,https://population.un.org/wpp/
Sierra_Leone,prem_2021,prem_2021|prem_2017,https://population.un.org/wpp/
Singapore,prem_2021,prem_2021|prem_2017,https://population.un.org/wpp/
Slovakia,mistry_2021,mistry_2021|prem_2021|prem_2017,https://population.un.org/wpp/
Slovenia,mistry_2021,mistry_2021|prem_2021|prem_2017,https://population.un.org/wpp/
Solomon_Islands,prem_2021,prem_2021|prem_2017,https://population.un.org/wpp/
South_Africa,mistry_2021,mistry_2021|prem_2021|prem_2017,https://github.com/mobs-lab/mixing-patterns/tree/main/data/population_rescaled_age_distributions
South_Africa_Eastern_Cape,mistry_2021,mistry_2021,https://github.com/mobs-lab/mixing-patterns/tree/main/data/population_rescaled_age_distributions
South_Africa_Free_State,mistry_2021,mistry_2021,https://github.com/mobs-lab/mixing-patterns/tree/main/data/population_rescaled_age_distributions
South_Africa_Gauteng,mistry_2021,mistry_2021,https://github.com/mobs-lab/mixing-patterns/tree/main/data/population_rescaled_age_distributions
South_Africa_KwaZulu-Natal,mistry_2021,mistry_2021,https://github.com/mobs-lab/mixing-patterns/tree/main/data/population_rescaled_age_distributions
South_Africa_Limpopo,mistry_2021,mistry_2021,https://github.com/mobs-lab/mixing-patterns/tree/main/data/population_rescaled_age_distributions
South_Africa_Mpumalanga,mistry_2021,mistry_2021,https://github.com/mobs-lab/mixing-patterns/tree/main/data/population_rescaled_age_distributions
South_Africa_North_West,mistry_2021,mistry_2021,https://github.com/mobs-lab/mixing-patterns/tree/main/data/population_rescaled_age_distributions
South_Africa_Northern_Cape,mistry_2021,mistry_2021,https://github.com/mobs-lab/mixing-patterns/tree/main/data/population_rescaled_age_distributions
South_Africa_Western_Cape,mistry_2021,mistry_2021,https://github.com/mobs-lab/mixing-patterns/tree/main/data/population_rescaled_age_distributions
South_Korea,prem_2021,prem_2021|prem_2017,https://population.un.org/wpp/
South_Sudan,prem_2021,prem_2021,https://population.un.org/wpp/
Spain,mistry_2021,mistry_2021|prem_2021|prem_2017,https://population.un.org/wpp/
Sri_Lanka,prem_2021,prem_2021|prem_2017,https://population.un.org/wpp/
Sudan,prem_2021,prem_2021,https://population.un.org/wpp/
Suriname,prem_2021,prem_2021|prem_2017,https://population.un.org/wpp/
Sweden,mistry_2021,mistry_2021|prem_2021|prem_2017,https://population.un.org/wpp/
Switzerland,mistry_2021,mistry_2021|prem_2021|prem_2017,https://population.un.org/wpp/
Syrian_Arab_Republic,prem_2021,prem_2021|prem_2017,https://population.un.org/wpp/
Taiwan,prem_2017,prem_2017,https://population.un.org/wpp/
Tajikistan,prem_2021,prem_2021|prem_2017,https://population.un.org/wpp/
Tanzania,prem_2021,prem_2021|prem_2017,https://population.un.org/wpp/
Thailand,prem_2021,prem_2021|prem_2017,https://population.un.org/wpp/
Timor-Leste,prem_2021,prem_2021|prem_2017,https://population.un.org/wpp/
Togo,prem_2021,prem_2021,https://population.un.org/wpp/
Tonga,prem_2021,prem_2021|prem_2017,https://population.un.org/wpp/
Trinidad_and_Tobago,prem_2021,prem_2021,https://population.un.org/wpp/
Tunisia,prem_2021,prem_2021|prem_2017,https://population.un.org/wpp/
Turkey,prem_2021,prem_2021|prem_2017,https://population.un.org/wpp/
Turkmenistan,prem_2021,prem_2021,https://population.un.org/wpp/
Uganda,prem_2021,prem_2021|prem_2017,https://population.un.org/wpp/
Ukraine,prem_2021,prem_2021|prem_2017,https://population.un.org/wpp/
United_Arab_Emirates,prem_2021,prem_2021|prem_2017,https://population.un.org/wpp/
United_Kingdom,mistry_2021,mistry_2021|prem_2021|prem_2017,https://population.un.org/wpp/
United_States,mistry_2021,mistry_2021|prem_2021|prem_2017|litvinova_2025,https://api.census.gov/data/2023/pep/charv
United_States_Alabama,mistry_2021,mistry_2021,https://api.census.gov/data/2023/pep/charv
United_States_Alaska,mistry_2021,mistry_2021,https://api.census.gov/data/2023/pep/charv
United_States_Arizona,mistry_2021,mistry_2021,https://api.census.gov/data/2023/pep/charv
United_States_Arkansas,mistry_2021,mistry_2021,https://api.census.gov/data/2023/pep/charv
United_States_California,mistry_2021,mistry_2021,https://api.census.gov/data/2023/pep/charv
United_States_Colorado,mistry_2021,mistry_2021,https://api.census.gov/data/2023/pep/charv
United_States_Connecticut,mistry_2021,mistry_2021,https://api.census.gov/data/2023/pep/charv
United_States_Delaware,mistry_2021,mistry_2021,https://api.census.gov/data/2023/pep/charv
United_States_District_of_Columbia,mistry_2021,mistry_2021,https://api.census.gov/data/2023/pep/charv
United_States_Florida,mistry_2021,mistry_2021,https://api.census.gov/data/2023/pep/charv
United_States_Georgia,mistry_2021,mistry_2021,https://api.census.gov/data/2023/pep/charv
United_States_Hawaii,mistry_2021,mistry_2021,https://api.census.gov/data/2023/pep/charv
United_States_Idaho,mistry_2021,mistry_2021,https://api.census.gov/data/2023/pep/charv
United_States_Illinois,mistry_2021,mistry_2021,https://api.census.gov/data/2023/pep/charv
United_States_Indiana,mistry_2021,mistry_2021,https://api.census.gov/data/2023/pep/charv
United_States_Iowa,mistry_2021,mistry_2021,https://api.census.gov/data/2023/pep/charv
United_States_Kansas,mistry_2021,mistry_2021,https://api.census.gov/data/2023/pep/charv
United_States_Kentucky,mistry_2021,mistry_2021,https://api.census.gov/data/2023/pep/charv
United_States_Louisiana,mistry_2021,mistry_2021,https://api.census.gov/data/2023/pep/charv
United_States_Maine,mistry_2021,mistry_2021,https://api.census.gov/data/2023/pep/charv
United_States_Maryland,mistry_2021,mistry_2021,https://api.census.gov/data/2023/pep/charv
United_States_Massachusetts,mistry_2021,mistry_2021,https://api.census.gov/data/2023/pep/charv
United_States_Michigan,mistry_2021,mistry_2021,https://api.census.gov/data/2023/pep/charv
United_States_Minnesota,mistry_2021,mistry_2021,https://api.census.gov/data/2023/pep/charv
United_States_Mississippi,mistry_2021,mistry_2021,https://api.census.gov/data/2023/pep/charv
United_States_Missouri,mistry_2021,mistry_2021,https://api.census.gov/data/2023/pep/charv
United_States_Montana,mistry_2021,mistry_2021,https://api.census.gov/data/2023/pep/charv
United_States_Nebraska,mistry_2021,mistry_2021,https://api.census.gov/data/2023/pep/charv
United_States_Nevada,mistry_2021,mistry_2021,https://api.census.gov/data/2023/pep/charv
United_States_New_Hampshire,mistry_2021,mistry_2021,https://api.census.gov/data/2023/pep/charv
United_States_New_Jersey,mistry_2021,mistry_2021,https://api.census.gov/data/2023/pep/charv
United_States_New_Mexico,mistry_2021,mistry_2021,https://api.census.gov/data/2023/pep/charv
United_States_New_York,mistry_2021,mistry_2021,https://api.census.gov/data/2023/pep/charv
United_States_North_Carolina,mistry_2021,mistry_2021,https://api.census.gov/data/2023/pep/charv
United_States_North_Dakota,mistry_2021,mistry_2021,https://api.census.gov/data/2023/pep/charv
United_States_Ohio,mistry_2021,mistry_2021,https://api.census.gov/data/2023/pep/charv
United_States_Oklahoma,mistry_2021,mistry_2021,https://api.census.gov/data/2023/pep/charv
United_States_Oregon,mistry_2021,mistry_2021,https://api.census.gov/data/2023/pep/charv
United_States_Pennsylvania,mistry_2021,mistry_2021,https://api.census.gov/data/2023/pep/charv
United_States_Rhode_Island,mistry_2021,mistry_2021,https://api.census.gov/data/2023/pep/charv
United_States_South_Carolina,mistry_2021,mistry_2021,https://api.census.gov/data/2023/pep/charv
United_States_South_Dakota,mistry_2021,mistry_2021,https://api.census.gov/data/2023/pep/charv
United_States_Tennessee,mistry_2021,mistry_2021,https://api.census.gov/data/2023/pep/charv
United_States_Texas,mistry_2021,mistry_2021,https://api.census.gov/data/2023/pep/charv
United_States_Utah,mistry_2021,mistry_2021,https://api.census.gov/data/2023/pep/charv
United_States_Vermont,mistry_2021,mistry_2021,https://api.census.gov/data/2023/pep/charv
United_States_Virginia,mistry_2021,mistry_2021,https://api.census.gov/data/2023/pep/charv
United_States_Washington,mistry_2021,mistry_2021,https://api.census.gov/data/2023/pep/charv
United_States_West_Virginia,mistry_2021,mistry_2021,https://api.census.gov/data/2023/pep/charv
United_States_Wisconsin,mistry_2021,mistry_2021,https://api.census.gov/data/2023/pep/charv
United_States_Wyoming,mistry_2021,mistry_2021,https://api.census.gov/data/2023/pep/charv
Uruguay,prem_2021,prem_2021|prem_2017,https://population.un.org/wpp/
Uzbekistan,prem_2021,prem_2021|prem_2017,https://population.un.org/wpp/
Vanuatu,prem_2021,prem_2021|prem_2017,https://population.un.org/wpp/
Venezuela,prem_2021,prem_2021|prem_2017,https://population.un.org/wpp/
Vietnam,prem_2021,prem_2021|prem_2017,https://population.un.org/wpp/
Yemen,prem_2021,prem_2021|prem_2017,https://population.un.org/wpp/
Zambia,prem_2021,prem_2021|prem_2017,https://population.un.org/wpp/
Zimbabwe,prem_2021,prem_2021|prem_2017,https://population.un.org/wpp/
